   a11,a16,north_E,north_M,north,south_G,south_Y,south
 2022-04-05 23:25:00, 2022-04-06 00:10:00, 2022-04-03 23:35:00, 2022-03-11 18:15:00, 2022-03-11 18:15:00, 2022-03-11 18:15:00, 2022-04-05 23:55:00, 2022-03-11 18:30:00
 2022-04-16 00:00:00, 2022-04-15 00:05:00, 2022-04-05 23:05:00, 2022-04-03 23:35:00, 2022-04-03 23:30:00, 2022-04-03 23:30:00, 2022-04-15 00:05:00, 2022-04-03 23:35:00
 2022-05-03 21:35:00, 2022-05-13 17:55:00, 2022-04-16 00:05:00, 2022-04-05 22:50:00, 2022-04-05 22:45:00, 2022-04-05 23:05:00, 2022-05-13 17:55:00, 2022-04-05 23:55:00
 2022-05-13 17:55:00, 2022-05-21 22:05:00, 2022-05-13 18:05:00, 2022-04-16 00:05:00, 2022-04-16 00:00:00, 2022-04-15 00:05:00, 2022-05-21 22:00:00, 2022-04-16 00:05:00
 2022-05-21 22:05:00, 2022-05-23 04:20:00, 2022-05-21 22:00:00, 2022-05-13 17:50:00, 2022-05-13 17:55:00, 2022-05-13 18:00:00, 2022-05-23 04:10:00, 2022-05-13 18:00:00
 2022-05-23 04:55:00, 2022-05-25 02:25:00, 2022-05-23 04:25:00, 2022-05-21 22:10:00, 2022-05-21 22:00:00, 2022-05-21 21:55:00, 2022-05-25 02:25:00, 2022-05-21 22:05:00
 2022-05-26 00:05:00, 2022-05-26 00:05:00, 2022-05-26 00:05:00, 2022-05-23 04:40:00, 2022-05-23 04:30:00, 2022-05-23 04:25:00, 2022-05-26 00:05:00, 2022-05-23 04:20:00
 2022-05-26 22:55:00, 2022-05-26 22:55:00, 2022-05-26 22:55:00, 2022-05-26 00:05:00, 2022-05-26 00:05:00, 2022-05-26 00:25:00, 2022-05-26 22:55:00, 2022-05-26 00:05:00
 2022-05-31 05:35:00, 2022-05-31 05:35:00, 2022-05-31 05:30:00, 2022-05-26 22:55:00, 2022-05-26 22:55:00, 2022-05-26 22:55:00, 2022-06-03 06:55:00, 2022-05-26 22:55:00
 2022-06-01 23:55:00, 2022-06-11 23:00:00, 2022-06-01 23:55:00, 2022-06-05 00:55:00, 2022-05-31 05:25:00, 2022-05-31 02:45:00, 2022-06-04 23:45:00, 2022-05-31 05:30:00
 2022-06-11 23:00:00, 2022-06-18 03:45:00, 2022-06-12 01:10:00, 2022-05-31 02:45:00, 2022-06-01 23:55:00, 2022-06-02 00:25:00, 2022-05-31 02:45:00, 2022-06-01 23:55:00
 2022-06-18 04:00:00, 2022-06-23 05:15:00, 2022-06-18 04:00:00, 2022-06-01 23:55:00, 2022-06-12 01:05:00, 2022-06-10 23:00:00, 2022-06-01 23:55:00, 2022-06-11 23:00:00
 2022-07-02 03:00:00, 2022-07-02 02:20:00, 2022-07-05 03:15:00, 2022-06-07 16:30:00, 2022-06-18 03:45:00, 2022-06-18 03:45:00, 2022-06-11 22:55:00, 2022-06-18 03:55:00
 2022-07-05 23:45:00, 2022-07-07 00:00:00, 2022-07-13 00:05:00, 2022-06-12 01:10:00, 2022-06-23 05:20:00, 2022-06-23 05:15:00, 2022-06-18 03:30:00, 2022-06-23 05:20:00
 2022-07-05 03:30:00, 2022-07-05 03:10:00, 2022-07-15 23:35:00, 2022-06-18 03:45:00, 2022-07-06 23:55:00, 2022-07-02 03:00:00, 2022-06-23 05:15:00, 2022-07-02 03:00:00
 2022-07-13 00:00:00, 2022-07-13 00:00:00, 2022-07-22 22:10:00, 2022-06-23 05:20:00, 2022-07-05 04:10:00, 2022-07-06 23:55:00, 2022-07-02 02:40:00, 2022-07-06 00:00:00
 2022-07-15 23:30:00, 2022-07-15 23:30:00, 2022-07-24 03:00:00, 2022-07-05 04:25:00, 2022-07-13 00:10:00, 2022-07-05 03:45:00, 2022-07-06 23:55:00, 2022-07-05 04:05:00
 2022-07-20 03:55:00, 2022-07-22 22:10:00, 2022-07-25 04:20:00, 2022-07-12 21:25:00, 2022-07-15 23:35:00, 2022-07-13 00:10:00, 2022-07-05 03:10:00, 2022-07-13 00:05:00
 2022-07-22 22:10:00, 2022-07-24 03:00:00, 2022-07-27 03:55:00, 2022-07-15 23:30:00, 2022-07-22 22:10:00, 2022-07-15 22:35:00, 2022-07-12 06:15:00, 2022-07-15 23:30:00
 2022-07-25 03:15:00, 2022-07-28 03:45:00, 2022-07-28 03:30:00, 2022-07-22 22:10:00, 2022-07-24 03:00:00, 2022-07-22 22:10:00, 2022-07-12 21:25:00, 2022-07-22 22:10:00
 2022-07-27 04:05:00, 2022-07-26 05:00:00, 2022-07-28 14:35:00, 2022-07-24 03:00:00, 2022-07-25 04:40:00, 2022-07-24 03:00:00, 2022-07-15 22:35:00, 2022-07-25 04:15:00
 2022-07-28 04:05:00, 2022-07-27 02:05:00, 2022-07-29 02:25:00, 2022-07-27 04:00:00, 2022-07-27 04:00:00, 2022-07-27 03:55:00, 2022-07-20 03:25:00, 2022-07-27 04:05:00
 2022-07-29 02:25:00, 2022-07-28 03:20:00,, 2022-07-28 04:20:00, 2022-07-28 03:40:00, 2022-07-28 03:30:00, 2022-07-18 04:35:00, 2022-07-28 03:25:00
 2022-08-01 04:00:00, 2022-07-29 02:25:00,, 2022-07-28 14:35:00, 2022-07-28 14:35:00, 2022-07-28 13:55:00, 2022-07-22 22:10:00, 2022-07-29 02:25:00
, 2022-08-01 04:00:00,, 2022-07-29 02:25:00, 2022-07-29 00:45:00, 2022-07-29 02:25:00, 2022-07-24 03:00:00, 2022-08-01 04:10:00
,,,,,, 2022-07-25 03:10:00,
,,,,,, 2022-07-26 05:00:00,
,,,,,, 2022-07-27 02:05:00,
,,,,,, 2022-07-28 02:50:00,
,,,,,, 2022-07-28 14:35:00,
,,,,,, 2022-07-29 02:20:00,
,,,,,, 2022-08-01 03:55:00,
,,,,,, 2022-08-09 03:05:00,
