a11,a16,north_e,north_m,north,north_x,south_g,south_y,south
 2022-05-13 13:55:00, 2022-05-13 13:55:00, 2022-05-13 14:05:00, 2022-05-13 13:50:00, 2022-05-13 13:55:00, 2022-05-13 13:50:00, 2022-05-13 14:00:00, 2022-05-13 13:55:00, 2022-05-13 14:00:00
 2022-05-21 18:05:00, 2022-05-21 18:05:00, 2022-05-21 18:00:00, 2022-05-21 18:10:00, 2022-05-21 18:00:00, 2022-05-21 18:10:00, 2022-05-21 17:55:00, 2022-05-21 18:00:00, 2022-05-21 18:05:00
 2022-05-23 00:55:00, 2022-05-23 00:20:00, 2022-05-23 00:25:00, 2022-05-23 00:40:00, 2022-05-23 00:30:00, 2022-05-23 00:20:00, 2022-05-23 00:25:00, 2022-05-23 00:10:00, 2022-05-23 00:20:00
 2022-05-25 20:05:00, 2022-05-24 22:25:00, 2022-05-25 20:05:00, 2022-05-25 20:05:00, 2022-05-25 20:05:00, 2022-05-24 22:25:00, 2022-05-25 20:25:00, 2022-05-24 22:25:00, 2022-05-25 20:05:00
 2022-05-26 18:55:00, 2022-05-25 20:05:00, 2022-05-26 18:55:00, 2022-05-26 18:55:00, 2022-05-26 18:55:00, 2022-05-25 20:05:00, 2022-05-26 18:55:00, 2022-05-25 20:05:00, 2022-05-26 18:55:00
 2022-05-31 01:35:00, 2022-05-26 18:55:00, 2022-05-31 01:30:00, 2022-06-04 20:55:00, 2022-05-31 01:25:00, 2022-05-26 18:55:00, 2022-05-30 22:45:00, 2022-05-26 18:55:00, 2022-05-31 01:30:00
 2022-06-01 19:55:00, 2022-05-31 01:35:00, 2022-06-01 19:55:00, 2022-05-30 22:45:00, 2022-06-01 19:55:00, 2022-06-03 03:00:00, 2022-06-01 20:25:00, 2022-06-03 02:55:00, 2022-06-01 19:55:00
 2022-06-11 19:00:00, 2022-06-11 19:00:00, 2022-06-11 18:55:00, 2022-06-01 19:55:00, 2022-06-10 19:00:00, 2022-06-04 19:45:00, 2022-06-10 19:00:00, 2022-06-04 19:45:00, 2022-06-11 19:00:00
,,, 2022-06-07 12:30:00,, 2022-05-30 22:45:00,, 2022-05-30 22:45:00,
,,, 2022-06-10 18:55:00,, 2022-06-01 19:55:00,, 2022-06-01 19:55:00,
,,,,, 2022-06-11 19:00:00,, 2022-06-11 18:55:00,
