index,rain,temp
4/18/2022 0:00,1.2,34.63
4/18/2022 1:00,1.4,33.173333
4/18/2022 2:00,1.8,31.979167
4/18/2022 3:00,2,31.891667
4/18/2022 4:00,2.35,31.125833
4/18/2022 5:00,2.3,30.980833
4/18/2022 6:00,2.4,31.2325
4/18/2022 7:00,2.4,31.161667
4/18/2022 8:00,1.95,35.705
4/18/2022 9:00,1.75,43.000833
4/18/2022 10:00,1.8,48.244167
4/18/2022 11:00,1.75,52.835833
4/18/2022 12:00,1.8,56.2
4/18/2022 13:00,1.65,58.768333
4/18/2022 14:00,1.25,58.401667
4/18/2022 15:00,1.2,57.944167
4/18/2022 16:00,1,54.603333
4/18/2022 17:00,0.6,51.1975
4/18/2022 18:00,0.6,47.591667
4/18/2022 19:00,0.6,45.1025
4/18/2022 20:00,0.6,43.79
4/18/2022 21:00,0.6,42.6775
4/18/2022 22:00,0.75,41.853333
4/18/2022 23:00,1.2,41.755833
4/19/2022 0:00,1.2,41.4575
4/19/2022 1:00,43.641667,40.413333
4/19/2022 2:00,100,38.043333
4/19/2022 3:00,100,39.181667
4/19/2022 4:00,100,39.733333
4/19/2022 5:00,100,40.170833
4/19/2022 6:00,100,41.908333
4/19/2022 7:00,100,44.331667
4/19/2022 8:00,100,46.859167
4/19/2022 9:00,90.341667,49.1025
4/19/2022 10:00,98.283333,46.261667
4/19/2022 11:00,33.875,43.179167
4/19/2022 12:00,4.15,43.4525
4/19/2022 13:00,3.025,44.3225
4/19/2022 14:00,3.508333,43.416667
4/19/2022 15:00,3.8,41.766667
4/19/2022 16:00,2.391667,42.524167
4/19/2022 17:00,4.283333,40.846667
4/19/2022 18:00,1.85,42.13
4/19/2022 19:00,1.8,40.651667
4/19/2022 20:00,1.8,40.2475
4/19/2022 21:00,1.8,39.990833
4/19/2022 22:00,1.8,39.800833
4/19/2022 23:00,1.8,38.616667
4/20/2022 0:00,1.8,37.645833
4/20/2022 1:00,1.8,36.995
4/20/2022 2:00,1.8,37.555833
4/20/2022 3:00,1.8,38.015833
4/20/2022 4:00,1.8,38.7275
4/20/2022 5:00,1.8,39.028333
4/20/2022 6:00,1.8,39.030833
4/20/2022 7:00,1.4,38.975
4/20/2022 8:00,1.3,40.1725
4/20/2022 9:00,1.3,42.580833
4/20/2022 10:00,1.5,44.746667
4/20/2022 11:00,1.65,46.294167
4/20/2022 12:00,1.45,46.878333
4/20/2022 13:00,1.55,48.850833
4/20/2022 14:00,1.4,50.451667
4/20/2022 15:00,1.2,52.243333
4/20/2022 16:00,1.2,52.711667
4/20/2022 17:00,1.2,52.5525
4/20/2022 18:00,1.2,51.268333
4/20/2022 19:00,0.8,47.700833
4/20/2022 20:00,0.6,44.735833
4/20/2022 21:00,0.65,42.84
4/20/2022 22:00,0.6,41.263333
4/20/2022 23:00,0.6,39.884167
4/21/2022 0:00,0.6,39.038333
4/21/2022 1:00,0.6,38.754167
4/21/2022 2:00,0.65,37.1675
4/21/2022 3:00,1.1,34.6725
4/21/2022 4:00,1.6,33.521667
4/21/2022 5:00,50.441667,32.839167
4/21/2022 6:00,3.25,32.73
4/21/2022 7:00,2.591667,37.424167
4/21/2022 8:00,1.8,43.905833
4/21/2022 9:00,1.8,49.2625
4/21/2022 10:00,1.6,53.379167
4/21/2022 11:00,1.65,56.2225
4/21/2022 12:00,1.6,57.404167
4/21/2022 13:00,1.35,57.948333
4/21/2022 14:00,1.35,57.455833
4/21/2022 15:00,1.25,56.180833
4/21/2022 16:00,1.2,54.14
4/21/2022 17:00,1.2,52.960833
4/21/2022 18:00,1.1,51.6725
4/21/2022 19:00,1.2,50.245
4/21/2022 20:00,1.2,48.605
4/21/2022 21:00,1.2,48.050833
4/21/2022 22:00,1.8,47.145
4/21/2022 23:00,2,45.860833
4/22/2022 0:00,2.4,45.343333
4/22/2022 1:00,2.733333,44.579167
4/22/2022 2:00,2.9,44.22
4/22/2022 3:00,2.95,44.043333
4/22/2022 4:00,3.6,43.589167
4/22/2022 5:00,20.333333,43.815833
4/22/2022 6:00,60.833333,44.179167
4/22/2022 7:00,17.708333,45.855833
4/22/2022 8:00,3.05,51.874167
4/22/2022 9:00,2,54.996667
4/22/2022 10:00,1.85,55.0425
4/22/2022 11:00,1.8,55.345833
4/22/2022 12:00,1.8,57.050833
4/22/2022 13:00,1.8,58.1325
4/22/2022 14:00,1.8,58.803333
4/22/2022 15:00,1.7,59.634167
4/22/2022 16:00,1.25,59.914167
4/22/2022 17:00,1.2,59.505833
4/22/2022 18:00,1.2,57.88
4/22/2022 19:00,1,54.56
4/22/2022 20:00,0.6,51.306667
4/22/2022 21:00,0.6,48.279167
4/22/2022 22:00,0.6,45.9725
4/22/2022 23:00,0.6,44.905833
4/23/2022 0:00,0.6,43.8425
4/23/2022 1:00,0.6,42.481667
4/23/2022 2:00,0.6,40.975833
4/23/2022 3:00,0.6,39.8775
4/23/2022 4:00,0.65,39.1475
4/23/2022 5:00,1.1,38.183333
4/23/2022 6:00,1.15,38.1025
4/23/2022 7:00,1.05,40.6775
4/23/2022 8:00,1.2,44.299167
4/23/2022 9:00,1.25,48.98
4/23/2022 10:00,1.5,53.011667
4/23/2022 11:00,1.5,54.755
4/23/2022 12:00,1.5,57.3175
4/23/2022 13:00,1.35,59.955833
4/23/2022 14:00,1.3,61.2075
4/23/2022 15:00,1.2,60.674167
4/23/2022 16:00,1.2,61.029167
4/23/2022 17:00,1.1,60.605
4/23/2022 18:00,0.7,57.825
4/23/2022 19:00,0.6,54.8525
4/23/2022 20:00,0.6,53.3175
4/23/2022 21:00,0.6,52.100833
4/23/2022 22:00,0.6,51
4/23/2022 23:00,9.958333,50.216667
4/24/2022 0:00,36.233333,48.3625
4/24/2022 1:00,45.341667,46.826667
4/24/2022 2:00,7.741667,46.415
4/24/2022 3:00,1.75,46.419167
4/24/2022 4:00,2.075,45.626667
4/24/2022 5:00,1.591667,45.199167
4/24/2022 6:00,0.95,44.8725
4/24/2022 7:00,0.85,46.1525
4/24/2022 8:00,0.7,47.15
4/24/2022 9:00,0.6,46.876667
4/24/2022 10:00,5.308333,46.098333
4/24/2022 11:00,24.608333,45.675
4/24/2022 12:00,1.391667,49.140833
4/24/2022 13:00,1.2,52.394167
4/24/2022 14:00,1.2,53.501667
4/24/2022 15:00,1.25,55.368333
4/24/2022 16:00,1.2,58.0925
4/24/2022 17:00,1.2,60.13
4/24/2022 18:00,0.8,57.628333
4/24/2022 19:00,0.6,52.519167
4/24/2022 20:00,0.6,47.355833
4/24/2022 21:00,0.6,47.8475
4/24/2022 22:00,0.6,47.443333
4/24/2022 23:00,0.6,45.718333
4/25/2022 0:00,0.6,44.566667
4/25/2022 1:00,0.6,43.005
4/25/2022 2:00,0.75,42.2175
4/25/2022 3:00,1.15,41.196667
4/25/2022 4:00,1.2,40.389167
4/25/2022 5:00,17.666667,40.954167
4/25/2022 6:00,80.3,40.618333
4/25/2022 7:00,49.658333,41.2675
4/25/2022 8:00,6.216667,44.9575
4/25/2022 9:00,1.95,49.670833
4/25/2022 10:00,1.8,55.129167
4/25/2022 11:00,1.65,58.8425
4/25/2022 12:00,1.55,61.683333
4/25/2022 13:00,1.3,62.429167
4/25/2022 14:00,1.3,64.27
4/25/2022 15:00,1.2,65.170833
4/25/2022 16:00,1.2,64.7675
4/25/2022 17:00,1.2,63.566667
4/25/2022 18:00,0.6,59.829167
4/25/2022 19:00,0.6,56.445833
4/25/2022 20:00,0.6,55.1575
4/25/2022 21:00,0.5,54.1125
4/25/2022 22:00,0.5,52.68
4/25/2022 23:00,0.25,50.76
4/26/2022 0:00,0.4,49.260833
4/26/2022 1:00,0.3,48.011667
4/26/2022 2:00,0.35,47.805833
4/26/2022 3:00,0.5,47.439167
4/26/2022 4:00,0.6,47.0075
4/26/2022 5:00,0.6,46.783333
4/26/2022 6:00,0.6,46.8875
4/26/2022 7:00,0.6,47.263333
4/26/2022 8:00,0.95,48.53
4/26/2022 9:00,1.2,48.894167
4/26/2022 10:00,1.7,49.893333
4/26/2022 11:00,3.4,50.180833
4/26/2022 12:00,7.208333,49.775833
4/26/2022 13:00,26.033333,49.781667
4/26/2022 14:00,100,50.610833
4/26/2022 15:00,100,50.625
4/26/2022 16:00,100,50.483333
4/26/2022 17:00,100,50.750833
4/26/2022 18:00,100,50.76
4/26/2022 19:00,100,50.645833
4/26/2022 20:00,100,50.405833
4/26/2022 21:00,100,50.254167
4/26/2022 22:00,100,49.816667
4/26/2022 23:00,100,49.541667
4/27/2022 0:00,100,49.450833
4/27/2022 1:00,100,49.343333
4/27/2022 2:00,100,48.4075
4/27/2022 3:00,57.75,45.694167
4/27/2022 4:00,11.95,44.444167
4/27/2022 5:00,8.05,43.915833
4/27/2022 6:00,7.35,43.3425
4/27/2022 7:00,5.85,43.546667
4/27/2022 8:00,3.55,45.2225
4/27/2022 9:00,2.525,48.534167
4/27/2022 10:00,1.85,48.1825
4/27/2022 11:00,1.8,48.063333
4/27/2022 12:00,1.941667,50.026667
4/27/2022 13:00,1.7,50.599167
4/27/2022 14:00,1.55,51.758333
4/27/2022 15:00,1.2,50.965
4/27/2022 16:00,1.2,49.738333
4/27/2022 17:00,0.9,48.038333
4/27/2022 18:00,0.6,45.685833
4/27/2022 19:00,0.6,43.469167
4/27/2022 20:00,0.6,40.239167
4/27/2022 21:00,0.5,38.72
4/27/2022 22:00,0.45,38.24
4/27/2022 23:00,0.6,37.8875
4/28/2022 0:00,0.6,37.77
4/28/2022 1:00,0.6,37.4925
4/28/2022 2:00,0.6,36.975833
4/28/2022 3:00,0.6,36.05
4/28/2022 4:00,0.6,34.8125
4/28/2022 5:00,0.6,35.078333
4/28/2022 6:00,0.6,35.206667
4/28/2022 7:00,0.6,35.725833
4/28/2022 8:00,0.6,36.774167
4/28/2022 9:00,0.6,37.621667
4/28/2022 10:00,0.6,38.561667
4/28/2022 11:00,0.6,39.491667
4/28/2022 12:00,0.8,43.691667
4/28/2022 13:00,1.1,48.259167
4/28/2022 14:00,0.85,47.819167
4/28/2022 15:00,0.85,51.8125
4/28/2022 16:00,0.65,51.654167
4/28/2022 17:00,0.55,51.4925
4/28/2022 18:00,0.4,49.720833
4/28/2022 19:00,0,45.9725
4/28/2022 20:00,0,41.791667
4/28/2022 21:00,0,40.57
4/28/2022 22:00,0,39.544167
4/28/2022 23:00,0,39.186667
4/29/2022 0:00,0,37.494167
4/29/2022 1:00,0,36.719167
4/29/2022 2:00,0,36.86
4/29/2022 3:00,0,36.3825
4/29/2022 4:00,0,35.170833
4/29/2022 5:00,0,33.660833
4/29/2022 6:00,0,32.2575
4/29/2022 7:00,0,34.844167
4/29/2022 8:00,0,38.470833
4/29/2022 9:00,0.3,43.655
4/29/2022 10:00,0.6,47.5325
4/29/2022 11:00,0.6,50.3375
4/29/2022 12:00,0.6,52.305
4/29/2022 13:00,0.6,55.078333
4/29/2022 14:00,0.65,56.451667
4/29/2022 15:00,0.65,58.154167
4/29/2022 16:00,0.6,58.359167
4/29/2022 17:00,0.6,56.368333
4/29/2022 18:00,0.3,52.715833
4/29/2022 19:00,0,48.710833
4/29/2022 20:00,0,45.935833
4/29/2022 21:00,0,44.693333
4/29/2022 22:00,0,41.686667
4/29/2022 23:00,0,40.621667
4/30/2022 0:00,0,40
4/30/2022 1:00,0,39.699167
4/30/2022 2:00,0,39.254167
4/30/2022 3:00,0,37.619167
4/30/2022 4:00,0,36.945
4/30/2022 5:00,0,36.76
4/30/2022 6:00,0,35.669167
4/30/2022 7:00,0,38.808333
4/30/2022 8:00,0.1,44.134167
4/30/2022 9:00,0.6,47.696667
4/30/2022 10:00,0.6,52.304167
4/30/2022 11:00,0.85,55.106667
4/30/2022 12:00,1.2,58.794167
4/30/2022 13:00,1.2,60.5175
4/30/2022 14:00,1.15,61.325833
4/30/2022 15:00,0.85,60.889167
4/30/2022 16:00,0.65,62.991667
4/30/2022 17:00,0.6,62.004167
4/30/2022 18:00,0.6,60.5025
4/30/2022 19:00,0.4,55.6075
4/30/2022 20:00,0,49.608333
4/30/2022 21:00,0,48.7675
4/30/2022 22:00,0,47.558333
4/30/2022 23:00,0,45.103333
5/1/2022 0:00,0,44.515
5/1/2022 1:00,0,43.131667
5/1/2022 2:00,0,42.0475
5/1/2022 3:00,0,40.991667
5/1/2022 4:00,0,40.86
5/1/2022 5:00,0.05,40.111667
5/1/2022 6:00,0.1,40.7075
5/1/2022 7:00,0.6,41.593333
5/1/2022 8:00,0.65,47.163333
5/1/2022 9:00,1.1,53.436667
5/1/2022 10:00,1.2,58.3975
5/1/2022 11:00,1.2,61.03
5/1/2022 12:00,1.2,62.650833
5/1/2022 13:00,1.55,64.988333
5/1/2022 14:00,1.3,66.870833
5/1/2022 15:00,1.3,67.489167
5/1/2022 16:00,1.2,68.484167
5/1/2022 17:00,0.9,67.605833
5/1/2022 18:00,0.6,65.338333
5/1/2022 19:00,0.6,61.439167
5/1/2022 20:00,0.6,59.215
5/1/2022 21:00,0.55,56.845833
5/1/2022 22:00,0.55,54.9675
5/1/2022 23:00,0.45,53.073333
5/2/2022 0:00,0.3,51.985833
5/2/2022 1:00,0.2,50.75
5/2/2022 2:00,0,49.399167
5/2/2022 3:00,0,48.9275
5/2/2022 4:00,0.3,47.44
5/2/2022 5:00,0.5,47.385
5/2/2022 6:00,0.6,47.4575
5/2/2022 7:00,8.783333,47.935833
5/2/2022 8:00,1.2,48.226667
5/2/2022 9:00,1.2,50.595
5/2/2022 10:00,1.2,53.6175
5/2/2022 11:00,1.2,54.411667
5/2/2022 12:00,2.325,54.9775
5/2/2022 13:00,1.25,55.195833
5/2/2022 14:00,1.2,55.805
5/2/2022 15:00,2.758333,55.251667
5/2/2022 16:00,1.933333,55.051667
5/2/2022 17:00,1.533333,54.07
5/2/2022 18:00,2.966667,52.23
5/2/2022 19:00,13.9,50.534167
5/2/2022 20:00,99.366667,47.695
5/2/2022 21:00,100,46.229167
5/2/2022 22:00,100,45.881667
5/2/2022 23:00,100,45.533333
5/3/2022 0:00,100,44.928333
5/3/2022 1:00,100,44.753333
5/3/2022 2:00,100,44.3175
5/3/2022 3:00,100,44.133333
5/3/2022 4:00,100,44.07
5/3/2022 5:00,100,43.959167
5/3/2022 6:00,100,44.164167
5/3/2022 7:00,40.083333,45.899167
5/3/2022 8:00,12.65,46.738333
5/3/2022 9:00,4.7,47.78
5/3/2022 10:00,3.45,49.575
5/3/2022 11:00,2.65,52.036667
5/3/2022 12:00,2.4,52.541667
5/3/2022 13:00,2.35,53.968333
5/3/2022 14:00,2.35,53.675
5/3/2022 15:00,2.3,54.456667
5/3/2022 16:00,2.35,53.313333
5/3/2022 17:00,2.4,53.5575
5/3/2022 18:00,2.4,53.195
5/3/2022 19:00,2.733333,52.128333
5/3/2022 20:00,3.3,50.708333
5/3/2022 21:00,3.95,49.990833
5/3/2022 22:00,4.1,49.749167
5/3/2022 23:00,5.183333,50.0425
5/4/2022 0:00,4.05,49.611667
5/4/2022 1:00,3.9,49.315
5/4/2022 2:00,13.716667,48.2875
5/4/2022 3:00,32.958333,47.130833
5/4/2022 4:00,7.208333,46.686667
5/4/2022 5:00,13.591667,46.736667
5/4/2022 6:00,97.791667,46.3
5/4/2022 7:00,100,46.539167
5/4/2022 8:00,100,46.990833
5/4/2022 9:00,100,47.583333
5/4/2022 10:00,42.308333,48.8075
5/4/2022 11:00,70.033333,49.455
5/4/2022 12:00,100,50.521667
5/4/2022 13:00,79.85,51.8075
5/4/2022 14:00,87.991667,52.275
5/4/2022 15:00,97.108333,51.605833
5/4/2022 16:00,66.075,51.725
5/4/2022 17:00,21.558333,51.888333
5/4/2022 18:00,94.708333,51.875
5/4/2022 19:00,100,51.204167
5/4/2022 20:00,100,50.89
5/4/2022 21:00,100,50.724167
5/4/2022 22:00,100,50.241667
5/4/2022 23:00,100,48.994167
5/5/2022 0:00,100,48.983333
5/5/2022 1:00,100,48.2925
5/5/2022 2:00,100,48.295
5/5/2022 3:00,100,46.740833
5/5/2022 4:00,100,46.441667
5/5/2022 5:00,100,45.2775
5/5/2022 6:00,100,46.1075
5/5/2022 7:00,86.325,47.730833
5/5/2022 8:00,15.233333,49.763333
5/5/2022 9:00,4.433333,53.580833
5/5/2022 10:00,2.816667,57.175833
5/5/2022 11:00,2.483333,60.031667
5/5/2022 12:00,2.4,62.560833
5/5/2022 13:00,2.4,65.984167
5/5/2022 14:00,2.35,68.236667
5/5/2022 15:00,1.95,68.680833
5/5/2022 16:00,1.8,69.3625
5/5/2022 17:00,1.75,69.444167
5/5/2022 18:00,1.2,65.714167
5/5/2022 19:00,0.95,59.871667
5/5/2022 20:00,0.6,56.5275
5/5/2022 21:00,0.6,55.923333
5/5/2022 22:00,0.6,56.065833
5/5/2022 23:00,0.6,56.4025
5/6/2022 0:00,0.6,52.494167
5/6/2022 1:00,0.6,51.458333
5/6/2022 2:00,0.6,49.730833
5/6/2022 3:00,0.75,48.819167
5/6/2022 4:00,0.65,49.174167
5/6/2022 5:00,0.65,48.526667
5/6/2022 6:00,0.95,48.975833
5/6/2022 7:00,1.2,51.700833
5/6/2022 8:00,1.2,55.164167
5/6/2022 9:00,1.25,57.37
5/6/2022 10:00,1.6,60.8325
5/6/2022 11:00,1.6,62.99
5/6/2022 12:00,1.25,62.815
5/6/2022 13:00,1.2,63.005833
5/6/2022 14:00,1.2,62.31
5/6/2022 15:00,1.2,62.0025
5/6/2022 16:00,1.2,61.0375
5/6/2022 17:00,1.2,60.161667
5/6/2022 18:00,1.2,58.483333
5/6/2022 19:00,1.2,56.635833
5/6/2022 20:00,1.2,54.8825
5/6/2022 21:00,1.75,54.069167
5/6/2022 22:00,1.8,53.3925
5/6/2022 23:00,2.433333,52.42
5/7/2022 0:00,2.9,52.018333
5/7/2022 1:00,3.25,51.010833
5/7/2022 2:00,2.691667,49.476667
5/7/2022 3:00,1.6,49.745
5/7/2022 4:00,1.2,49.074167
5/7/2022 5:00,1.05,47.8725
5/7/2022 6:00,0.75,47.181667
5/7/2022 7:00,0.9,46.721667
5/7/2022 8:00,1.15,47.0625
5/7/2022 9:00,1.15,48.191667
5/7/2022 10:00,1.2,50.4575
5/7/2022 11:00,1.15,50.9325
5/7/2022 12:00,0.9,50.9075
5/7/2022 13:00,0.95,51.413333
5/7/2022 14:00,1.1,52.625833
5/7/2022 15:00,0.65,50.630833
5/7/2022 16:00,0.6,50.354167
5/7/2022 17:00,0.55,49.6975
5/7/2022 18:00,0.15,47.6125
5/7/2022 19:00,0,46.224167
5/7/2022 20:00,0,44.861667
5/7/2022 21:00,0,44.163333
5/7/2022 22:00,0,43.4075
5/7/2022 23:00,0,42.339167
5/8/2022 0:00,0.1,41.545
5/8/2022 1:00,0.6,41.288333
5/8/2022 2:00,0.6,41.053333
5/8/2022 3:00,0.6,40.66
5/8/2022 4:00,0.6,40.246667
5/8/2022 5:00,0.6,40.379167
5/8/2022 6:00,0.6,40.858333
5/8/2022 7:00,0.6,43.495
5/8/2022 8:00,0.6,45.519167
5/8/2022 9:00,1.1,50.1775
5/8/2022 10:00,1.2,53.755
5/8/2022 11:00,1.2,54.748333
5/8/2022 12:00,1.2,56.328333
5/8/2022 13:00,1.2,57.4425
5/8/2022 14:00,1.1,58.320833
5/8/2022 15:00,0.6,57.24
5/8/2022 16:00,0.65,59.2775
5/8/2022 17:00,0.45,54.256667
5/8/2022 18:00,0.1,51.22
5/8/2022 19:00,0,47.794167
5/8/2022 20:00,0,44.253333
5/8/2022 21:00,0,42.403333
5/8/2022 22:00,0,41.270833
5/8/2022 23:00,0,40.135833
5/9/2022 0:00,0,39.79
5/9/2022 1:00,0,39.034167
5/9/2022 2:00,0,37.9375
5/9/2022 3:00,0,37.333333
5/9/2022 4:00,0,37.545
5/9/2022 5:00,0,37.689167
5/9/2022 6:00,0.05,39.15
5/9/2022 7:00,0.35,41.648333
5/9/2022 8:00,0.6,46.265
5/9/2022 9:00,0.75,54.675833
5/9/2022 10:00,1.2,59.7375
5/9/2022 11:00,1.2,62.716667
5/9/2022 12:00,1.2,65.091667
5/9/2022 13:00,1.25,67.749167
5/9/2022 14:00,1.2,69.245
5/9/2022 15:00,0.9,68.921667
5/9/2022 16:00,0.6,67.86
5/9/2022 17:00,0.5,65.809167
5/9/2022 18:00,0.1,61.798333
5/9/2022 19:00,0,55.793333
5/9/2022 20:00,0,49.328333
5/9/2022 21:00,0,46.7875
5/9/2022 22:00,0,45.840833
5/9/2022 23:00,0,44.285
5/10/2022 0:00,0,43.4525
5/10/2022 1:00,0,42.869167
5/10/2022 2:00,0,42.468333
5/10/2022 3:00,0,42.14
5/10/2022 4:00,0,41.843333
5/10/2022 5:00,0,41.525
5/10/2022 6:00,0,42.825
5/10/2022 7:00,0,46.065
5/10/2022 8:00,0.3,52.686667
5/10/2022 9:00,0.6,58.593333
5/10/2022 10:00,1.15,63.27
5/10/2022 11:00,1.2,66.084167
5/10/2022 12:00,1.2,68.211667
5/10/2022 13:00,1.2,69.12
5/10/2022 14:00,1.2,69.861667
5/10/2022 15:00,0.9,69.5625
5/10/2022 16:00,0.6,68.163333
5/10/2022 17:00,0.5,66.774167
5/10/2022 18:00,0.45,64.465833
5/10/2022 19:00,0.15,59.498333
5/10/2022 20:00,0,52.970833
5/10/2022 21:00,0,50.381667
5/10/2022 22:00,0,47.706667
5/10/2022 23:00,0,46.040833
5/11/2022 0:00,0,45.319167
5/11/2022 1:00,0,44.958333
5/11/2022 2:00,0,44.4975
5/11/2022 3:00,0,43.979167
5/11/2022 4:00,0,43.566667
5/11/2022 5:00,0,43.613333
5/11/2022 6:00,0,44.805833
5/11/2022 7:00,0,47.75
5/11/2022 8:00,0.4,51.585
5/11/2022 9:00,0.75,59.899167
5/11/2022 10:00,1.2,66.730833
5/11/2022 11:00,1.25,69.535
5/11/2022 12:00,1.25,71.129167
5/11/2022 13:00,1.7,73.6975
5/11/2022 14:00,1.65,75.458333
5/11/2022 15:00,1.4,77.116667
5/11/2022 16:00,1.2,78.211667
5/11/2022 17:00,1.2,77.559167
5/11/2022 18:00,1.2,76.638333
5/11/2022 19:00,0.95,70.83
5/11/2022 20:00,0.6,63.661667
5/11/2022 21:00,0.6,60.419167
5/11/2022 22:00,0.65,59.131667
5/11/2022 23:00,0.7,56.7375
5/12/2022 0:00,0.85,55.3925
5/12/2022 1:00,1.2,54.446667
5/12/2022 2:00,1.2,53.725833
5/12/2022 3:00,1.35,52.2525
5/12/2022 4:00,1.85,50.7525
5/12/2022 5:00,2.558333,50.37
5/12/2022 6:00,3.05,51.2775
5/12/2022 7:00,2.4,54.863333
5/12/2022 8:00,2.4,59.6975
5/12/2022 9:00,2.4,65.798333
5/12/2022 10:00,2.4,72.085833
5/12/2022 11:00,2.4,74.9825
5/12/2022 12:00,2.516667,77.894167
5/12/2022 13:00,2.4,78.215833
5/12/2022 14:00,2.35,78.646667
5/12/2022 15:00,2.475,81.275
5/12/2022 16:00,2.15,80.7075
5/12/2022 17:00,2,81.194167
5/12/2022 18:00,1.8,77.596667
5/12/2022 19:00,1.8,74.44
5/12/2022 20:00,1.95,69.1125
5/12/2022 21:00,2.733333,66.6325
5/12/2022 22:00,3,66.4475
5/12/2022 23:00,3.55,64.928333
5/13/2022 0:00,38.875,62.463333
5/13/2022 1:00,100,59.908333
5/13/2022 2:00,100,59.45
5/13/2022 3:00,100,59.86
5/13/2022 4:00,100,59.615833
5/13/2022 5:00,100,59.4775
5/13/2022 6:00,100,60.1875
5/13/2022 7:00,75.341667,61.7875
5/13/2022 8:00,15.558333,63.07
5/13/2022 9:00,4.55,66.349167
5/13/2022 10:00,3.5,70.67
5/13/2022 11:00,3.4,74.246667
5/13/2022 12:00,3.1,76.850833
5/13/2022 13:00,2.95,78.136667
5/13/2022 14:00,2.95,79.604167
5/13/2022 15:00,2.9,80.376667
5/13/2022 16:00,2.733333,81.108333
5/13/2022 17:00,2.566667,80.721667
5/13/2022 18:00,2.441667,78.615
5/13/2022 19:00,2.4,75.1225
5/13/2022 20:00,2.816667,70.825
5/13/2022 21:00,5.808333,68.136667
5/13/2022 22:00,18.816667,66.424167
5/13/2022 23:00,39.416667,65.265833
5/14/2022 0:00,29.475,65.43
5/14/2022 1:00,58.133333,65.155833
5/14/2022 2:00,76.466667,64.885
5/14/2022 3:00,90.041667,64.596667
5/14/2022 4:00,99.8,64.398333
5/14/2022 5:00,94.766667,64.019167
5/14/2022 6:00,64.216667,63.819167
5/14/2022 7:00,18.041667,64.36
5/14/2022 8:00,15.991667,66.2
5/14/2022 9:00,6.283333,70.546667
5/14/2022 10:00,3.95,74.165
5/14/2022 11:00,3.5,76.761667
5/14/2022 12:00,3.5,78.896667
5/14/2022 13:00,3.45,80.606667
5/14/2022 14:00,3,81
5/14/2022 15:00,2.9,79.6375
5/14/2022 16:00,2.775,77.390833
5/14/2022 17:00,2.441667,75.160833
5/14/2022 18:00,2.9,72.9075
5/14/2022 19:00,3.15,70.444167
5/14/2022 20:00,4.15,68.54
5/14/2022 21:00,5.35,67.485
5/14/2022 22:00,60.45,66.430833
5/14/2022 23:00,100,64.800833
5/15/2022 0:00,78.575,64.096667
5/15/2022 1:00,95.15,63.490833
5/15/2022 2:00,61.775,62.7825
5/15/2022 3:00,99.758333,61.9375
5/15/2022 4:00,100,61.481667
5/15/2022 5:00,100,61.365833
5/15/2022 6:00,84.175,61.960833
5/15/2022 7:00,83.866667,62.879167
5/15/2022 8:00,50.641667,63.700833
5/15/2022 9:00,30.35,65.603333
5/15/2022 10:00,5.5,66.765833
5/15/2022 11:00,4.4,70.216667
5/15/2022 12:00,3.5,72.7425
5/15/2022 13:00,3.5,74.9175
5/15/2022 14:00,3.25,76.484167
5/15/2022 15:00,3.05,76.740833
5/15/2022 16:00,3.05,79.183333
5/15/2022 17:00,2.9,78.616667
5/15/2022 18:00,2.9,74.729167
5/15/2022 19:00,2.9,72.266667
5/15/2022 20:00,93.133333,67.93
5/15/2022 21:00,100,64.2375
5/15/2022 22:00,100,62.876667
5/15/2022 23:00,100,62.65
5/16/2022 0:00,100,62.406667
5/16/2022 1:00,100,62.405833
5/16/2022 2:00,100,62.293333
5/16/2022 3:00,100,61.940833
5/16/2022 4:00,100,61.650833
5/16/2022 5:00,100,61.180833
5/16/2022 6:00,100,61.026667
5/16/2022 7:00,99.608333,61.461667
5/16/2022 8:00,25.583333,62.213333
5/16/2022 9:00,6.633333,65.354167
5/16/2022 10:00,4.8,72.41
5/16/2022 11:00,4.15,76.966667
5/16/2022 12:00,3.7,78.8975
5/16/2022 13:00,3.6,80.235833
5/16/2022 14:00,3.3,79.164167
5/16/2022 15:00,7.816667,78.059167
5/16/2022 16:00,3.15,77.584167
5/16/2022 17:00,2.95,74.2525
5/16/2022 18:00,11.341667,71.555
5/16/2022 19:00,100,60.6575
5/16/2022 20:00,100,60.595
5/16/2022 21:00,100,60.7375
5/16/2022 22:00,100,61.233333
5/16/2022 23:00,100,58.1625
5/17/2022 0:00,100,55.469167
5/17/2022 1:00,62.108333,55.0575
5/17/2022 2:00,19.05,54.4175
5/17/2022 3:00,13.2,53.636667
5/17/2022 4:00,10.35,52.5775
5/17/2022 5:00,9.45,51.250833
5/17/2022 6:00,8.4,51.433333
5/17/2022 7:00,6.883333,53.141667
5/17/2022 8:00,5.4,56.24
5/17/2022 9:00,3.85,60.525
5/17/2022 10:00,3,64.591667
5/17/2022 11:00,2.733333,66.424167
5/17/2022 12:00,2.4,64.824167
5/17/2022 13:00,2.441667,65.996667
5/17/2022 14:00,2.35,66.67
5/17/2022 15:00,2.25,66.8175
5/17/2022 16:00,1.9,67.136667
5/17/2022 17:00,1.8,64.961667
5/17/2022 18:00,1.8,62.519167
5/17/2022 19:00,1.7,60.895
5/17/2022 20:00,1.75,57.4325
5/17/2022 21:00,1.7,55.935833
5/17/2022 22:00,1.8,54.913333
5/17/2022 23:00,1.8,53.200833
5/18/2022 0:00,1.8,52.1125
5/18/2022 1:00,1.9,50.7875
5/18/2022 2:00,2.4,50.0675
5/18/2022 3:00,2.4,50.989167
5/18/2022 4:00,2.441667,49.096667
5/18/2022 5:00,2.4,47.98
5/18/2022 6:00,2.35,48.281667
5/18/2022 7:00,1.8,49.729167
5/18/2022 8:00,1.8,51.991667
5/18/2022 9:00,1.8,55.419167
5/18/2022 10:00,1.8,59.093333
5/18/2022 11:00,1.8,62.131667
5/18/2022 12:00,1.85,63.916667
5/18/2022 13:00,1.85,65.684167
5/18/2022 14:00,1.8,67.33
5/18/2022 15:00,1.6,68.881667
5/18/2022 16:00,1.45,70.225833
5/18/2022 17:00,1.2,67.918333
5/18/2022 18:00,1.2,65.333333
5/18/2022 19:00,1.15,61.965833
5/18/2022 20:00,0.65,59.1225
5/18/2022 21:00,0.65,57.878333
5/18/2022 22:00,0.85,57.14
5/18/2022 23:00,0.65,56.095
5/19/2022 0:00,0.75,55.398333
5/19/2022 1:00,1.291667,53.9875
5/19/2022 2:00,24.75,54.109167
5/19/2022 3:00,97.258333,52.805833
5/19/2022 4:00,100,50.8275
5/19/2022 5:00,100,50.025
5/19/2022 6:00,100,49.6975
5/19/2022 7:00,100,50.244167
5/19/2022 8:00,100,50.7875
5/19/2022 9:00,100,51.4325
5/19/2022 10:00,100,52.625833
5/19/2022 11:00,100,53.4425
5/19/2022 12:00,100,53.530833
5/19/2022 13:00,66.366667,53.3625
5/19/2022 14:00,30.6,53.116667
5/19/2022 15:00,11.125,53.991667
5/19/2022 16:00,16.183333,54.35
5/19/2022 17:00,11.033333,54.745833
5/19/2022 18:00,10.05,54.968333
5/19/2022 19:00,35.166667,54.901667
5/19/2022 20:00,98.725,54.604167
5/19/2022 21:00,100,53.556667
5/19/2022 22:00,100,53.108333
5/19/2022 23:00,100,52.535833
5/20/2022 0:00,100,51.631667
5/20/2022 1:00,100,50.553333
5/20/2022 2:00,100,49.961667
5/20/2022 3:00,100,49.435
5/20/2022 4:00,100,48.169167
5/20/2022 5:00,100,48.471667
5/20/2022 6:00,100,48.613333
5/20/2022 7:00,100,50.075833
5/20/2022 8:00,46.566667,51.766667
5/20/2022 9:00,13.35,53.075
5/20/2022 10:00,4.3,61.766667
5/20/2022 11:00,3.5,68.4175
5/20/2022 12:00,3.5,72.0525
5/20/2022 13:00,3.2,74.705
5/20/2022 14:00,3,76.618333
5/20/2022 15:00,2.9,74.57
5/20/2022 16:00,2.858333,75.094167
5/20/2022 17:00,2.9,75.5375
5/20/2022 18:00,2.9,69.9775
5/20/2022 19:00,3.25,66.454167
5/20/2022 20:00,4.65,64.2475
5/20/2022 21:00,6.5,62.833333
5/20/2022 22:00,46.175,62.065
5/20/2022 23:00,100,61.146667
5/21/2022 0:00,100,61.111667
5/21/2022 1:00,100,61.234167
5/21/2022 2:00,100,61.206667
5/21/2022 3:00,100,61.161667
5/21/2022 4:00,100,61.174167
5/21/2022 5:00,100,61.324167
5/21/2022 6:00,100,61.828333
5/21/2022 7:00,100,62.793333
5/21/2022 8:00,92.391667,63.59
5/21/2022 9:00,41.175,64.24
5/21/2022 10:00,7.841667,65.800833
5/21/2022 11:00,4.9,69.749167
5/21/2022 12:00,4.2,74.515833
5/21/2022 13:00,4.3,79.318333
5/21/2022 14:00,4.15,83.066667
5/21/2022 15:00,4,86.3075
5/21/2022 16:00,3.75,87.934167
5/21/2022 17:00,3.5,87.72
5/21/2022 18:00,3.5,86.783333
5/21/2022 19:00,3.5,83.3975
5/21/2022 20:00,3.5,79.0325
5/21/2022 21:00,3.9,76.738333
5/21/2022 22:00,4.3,74.206667
5/21/2022 23:00,4.7,72.5075
5/22/2022 0:00,5.5,71.190833
5/22/2022 1:00,5.9,70.156667
5/22/2022 2:00,6.35,69.098333
5/22/2022 3:00,6.65,68.556667
5/22/2022 4:00,6.891667,68.819167
5/22/2022 5:00,7.9,68.1325
5/22/2022 6:00,6.991667,69.486667
5/22/2022 7:00,6.5,70.294167
5/22/2022 8:00,5.95,73.348333
5/22/2022 9:00,5.1,77.980833
5/22/2022 10:00,4.55,81.440833
5/22/2022 11:00,4.15,84.1925
5/22/2022 12:00,4.2,86.971667
5/22/2022 13:00,4.05,86.494167
5/22/2022 14:00,4,87.564167
5/22/2022 15:00,3.65,89.514167
5/22/2022 16:00,3.5,89.469167
5/22/2022 17:00,3.25,89.363333
5/22/2022 18:00,3,88.115833
5/22/2022 19:00,10.991667,81.1175
5/22/2022 20:00,100,66.86
5/22/2022 21:00,100,66.533333
5/22/2022 22:00,100,66.326667
5/22/2022 23:00,100,65.561667
5/23/2022 0:00,100,65.305833
5/23/2022 1:00,100,62.77
5/23/2022 2:00,89.216667,61.231667
5/23/2022 3:00,42.4,59.699167
5/23/2022 4:00,34.716667,57.433333
5/23/2022 5:00,21.025,56.416667
5/23/2022 6:00,11.816667,55.074167
5/23/2022 7:00,6.183333,54.488333
5/23/2022 8:00,4.65,55.068333
5/23/2022 9:00,3.45,57.8075
5/23/2022 10:00,2.858333,62.560833
5/23/2022 11:00,2.65,65.13
5/23/2022 12:00,2.691667,67.660833
5/23/2022 13:00,2.608333,69.565
5/23/2022 14:00,2.4,71.480833
5/23/2022 15:00,2.1,72.078333
5/23/2022 16:00,1.85,70.23
5/23/2022 17:00,1.8,71.619167
5/23/2022 18:00,1.8,68.980833
5/23/2022 19:00,1.6,64.9175
5/23/2022 20:00,1.2,59.701667
5/23/2022 21:00,1.25,57.815833
5/23/2022 22:00,1.4,56.7025
5/23/2022 23:00,1.8,55.226667
5/24/2022 0:00,1.8,54.735
5/24/2022 1:00,1.8,54.335
5/24/2022 2:00,1.8,53.694167
5/24/2022 3:00,1.8,53.143333
5/24/2022 4:00,1.8,52.024167
5/24/2022 5:00,1.8,51.0175
5/24/2022 6:00,1.75,51.018333
5/24/2022 7:00,1.8,51.699167
5/24/2022 8:00,1.7,53.215833
5/24/2022 9:00,1.8,56.4475
5/24/2022 10:00,2,60.979167
5/24/2022 11:00,6.266667,63.758333
5/24/2022 12:00,2.4,65.94
5/24/2022 13:00,2.4,67.996667
5/24/2022 14:00,2.2,68.874167
5/24/2022 15:00,2.05,70.170833
5/24/2022 16:00,1.8,67.969167
5/24/2022 17:00,1.8,69.505
5/24/2022 18:00,1.8,69.249167
5/24/2022 19:00,1.6,64.455833
5/24/2022 20:00,1.7,59.928333
5/24/2022 21:00,1.8,58.1725
5/24/2022 22:00,1.85,55.934167
5/24/2022 23:00,2.566667,54.058333
5/25/2022 0:00,2.9,53.124167
5/25/2022 1:00,4.491667,52.115
5/25/2022 2:00,91.425,49.504167
5/25/2022 3:00,100,48.52
5/25/2022 4:00,100,47.901667
5/25/2022 5:00,100,47.653333
5/25/2022 6:00,76.316667,48.181667
5/25/2022 7:00,12.833333,50.195833
5/25/2022 8:00,4.9,53.925
5/25/2022 9:00,3.158333,58.79
5/25/2022 10:00,2.441667,63.7875
5/25/2022 11:00,2.441667,66.754167
5/25/2022 12:00,2.566667,69.236667
5/25/2022 13:00,2.566667,71.566667
5/25/2022 14:00,2.4,73.16
5/25/2022 15:00,2.441667,74.524167
5/25/2022 16:00,2.05,74.341667
5/25/2022 17:00,1.95,74.721667
5/25/2022 18:00,1.8,72.906667
5/25/2022 19:00,1.8,66.9475
5/25/2022 20:00,1.65,62.206667
5/25/2022 21:00,1.5,58.526667
5/25/2022 22:00,1.6,55.360833
5/25/2022 23:00,1.4,52.7125
5/26/2022 0:00,1.75,51.143333
5/26/2022 1:00,1.7,50.3525
5/26/2022 2:00,1.8,49.295
5/26/2022 3:00,1.8,49.074167
5/26/2022 4:00,2.1,48.529167
5/26/2022 5:00,2.441667,48.036667
5/26/2022 6:00,2.4,49.8325
5/26/2022 7:00,2.4,51.046667
5/26/2022 8:00,1.9,54.1
5/26/2022 9:00,1.8,60.005
5/26/2022 10:00,1.8,65.128333
5/26/2022 11:00,1.85,68.036667
5/26/2022 12:00,1.85,69.465833
5/26/2022 13:00,1.85,69.509167
5/26/2022 14:00,1.8,70.535
5/26/2022 15:00,1.8,70.260833
5/26/2022 16:00,1.8,67.818333
5/26/2022 17:00,1.8,66.140833
5/26/2022 18:00,1.8,65.869167
5/26/2022 19:00,1.8,62.8
5/26/2022 20:00,2.25,61.578333
5/26/2022 21:00,2.483333,60.895
5/26/2022 22:00,2.95,60.2925
5/26/2022 23:00,3.55,59.979167
5/27/2022 0:00,4.1,60.0575
5/27/2022 1:00,4.4,60.325833
5/27/2022 2:00,5.291667,60.496667
5/27/2022 3:00,16.475,60.3775
5/27/2022 4:00,30.35,60.7875
5/27/2022 5:00,76.116667,60.451667
5/27/2022 6:00,100,60.810833
5/27/2022 7:00,100,61.879167
5/27/2022 8:00,97.008333,63.25
5/27/2022 9:00,49.216667,65.338333
5/27/2022 10:00,11.575,68.418333
5/27/2022 11:00,7.583333,70.683333
5/27/2022 12:00,5.45,72.755833
5/27/2022 13:00,4.5,74.4475
5/27/2022 14:00,4.05,77.665
5/27/2022 15:00,3.55,77.175833
5/27/2022 16:00,3.5,76.430833
5/27/2022 17:00,3.85,73.930833
5/27/2022 18:00,5.641667,70.85
5/27/2022 19:00,13.825,69.554167
5/27/2022 20:00,32.941667,68.989167
5/27/2022 21:00,36.658333,67.963333
5/27/2022 22:00,34.366667,66.259167
5/27/2022 23:00,40.391667,64.6075
5/28/2022 0:00,46.758333,63.384167
5/28/2022 1:00,51.275,62.94
5/28/2022 2:00,74.566667,62.781667
5/28/2022 3:00,100,62.6475
5/28/2022 4:00,100,62.635833
5/28/2022 5:00,100,62.639167
5/28/2022 6:00,100,63.0475
5/28/2022 7:00,99.95,63.5975
5/28/2022 8:00,90,63.754167
5/28/2022 9:00,26.566667,64.344167
5/28/2022 10:00,9.983333,65.5725
5/28/2022 11:00,4.5,70.1375
5/28/2022 12:00,52,70.283333
5/28/2022 13:00,100,65.6925
5/28/2022 14:00,100,63.243333
5/28/2022 15:00,100,62.219167
5/28/2022 16:00,100,62.14
5/28/2022 17:00,100,62.898333
5/28/2022 18:00,92.9,63.6725
5/28/2022 19:00,100,63.601667
5/28/2022 20:00,100,61.811667
5/28/2022 21:00,100,60.689091
5/28/2022 22:00,100,59.1975
5/28/2022 23:00,100,57.410833
5/29/2022 0:00,100,56.471667
5/29/2022 1:00,100,55.338333
5/29/2022 2:00,100,53.965
5/29/2022 3:00,100,53.14
5/29/2022 4:00,100,52.684167
5/29/2022 5:00,100,51.856667
5/29/2022 6:00,100,51.428333
5/29/2022 7:00,100,52.635833
5/29/2022 8:00,99.758333,55.556667
5/29/2022 9:00,36.958333,60.94
5/29/2022 10:00,3.7,67.743333
5/29/2022 11:00,3.5,70.9975
5/29/2022 12:00,3.45,73.040833
5/29/2022 13:00,3.15,74.189167
5/29/2022 14:00,3,76.319167
5/29/2022 15:00,2.483333,77.069167
5/29/2022 16:00,2.4,77.101667
5/29/2022 17:00,2.4,77.935
5/29/2022 18:00,2.4,77.428333
5/29/2022 19:00,2.3,74.2
5/29/2022 20:00,1.8,68.231667
5/29/2022 21:00,2.05,66.520833
5/29/2022 22:00,2.691667,63.038333
5/29/2022 23:00,3.15,61.010833
5/30/2022 0:00,3.85,59.949167
5/30/2022 1:00,4.75,58.838333
5/30/2022 2:00,10.991667,57.794167
5/30/2022 3:00,17.058333,57.381667
5/30/2022 4:00,38.416667,56.911667
5/30/2022 5:00,46.475,56.285
5/30/2022 6:00,10.858333,56.719167
5/30/2022 7:00,7.291667,58.4375
5/30/2022 8:00,5.8,62.178333
5/30/2022 9:00,4.4,67.815833
5/30/2022 10:00,3.65,75.355
5/30/2022 11:00,3.5,78.9975
5/30/2022 12:00,3.5,80.726667
5/30/2022 13:00,3.4,82.385833
5/30/2022 14:00,3.25,83.565833
5/30/2022 15:00,2.95,84.453333
5/30/2022 16:00,2.9,85.213333
5/30/2022 17:00,2.9,85.248333
5/30/2022 18:00,2.858333,83.5825
5/30/2022 19:00,2.858333,80.669167
5/30/2022 20:00,2.775,76.641667
5/30/2022 21:00,2.9,74.885833
5/30/2022 22:00,3.05,72.4775
5/30/2022 23:00,3.8,70.4025
5/31/2022 0:00,4.1,69.2125
5/31/2022 1:00,4.3,68.560833
5/31/2022 2:00,4.7,67.97
5/31/2022 3:00,4.95,67.3425
5/31/2022 4:00,5.3,67.251667
5/31/2022 5:00,5.3,67.535833
5/31/2022 6:00,5,68.724167
5/31/2022 7:00,4.9,69.963333
5/31/2022 8:00,4.55,73.474167
5/31/2022 9:00,4.1,77.880833
5/31/2022 10:00,4,83.935833
5/31/2022 11:00,3.75,86.298333
5/31/2022 12:00,3.65,86.863333
5/31/2022 13:00,3.4,86.226667
5/31/2022 14:00,2.95,82.414167
5/31/2022 15:00,3,83.861667
5/31/2022 16:00,2.9,83.368333
5/31/2022 17:00,2.858333,79.729167
5/31/2022 18:00,2.733333,72.773333
5/31/2022 19:00,80.241667,66.546667
5/31/2022 20:00,100,61.385833
5/31/2022 21:00,100,58.45
5/31/2022 22:00,100,56.52
5/31/2022 23:00,95.633333,56.200833
6/1/2022 0:00,25.9,56.2
